[
  {
    "id": "geo-001",
    "address": "Plot 5629, Cairo Road, Mufulira",
    "latitude": -15.4167,
    "longitude": 28.2833,
    "city": "Lusaka",
    "country": "Zambia",
    "postalCode": "10101"
  },
  {
    "id": "geo-002",
    "address": "Plot 2232, Los Angeles Boulevard, Woodlands",
    "latitude": -15.4167,
    "longitude": 28.2833,
    "city": "Lusaka",
    "country": "Zambia",
    "postalCode": "10101"
  },
  {
    "id": "geo-003",
    "address": "Plot 6040, Chilimbulu Road, Solwezi",
    "latitude": -15.4167,
    "longitude": 28.2833,
    "city": "Lusaka",
    "country": "Zambia",
    "postalCode": "10101"
  },
  {
    "id": "geo-004",
    "address": "Plot 3822, Lumumba Road, Chelston",
    "latitude": -15.4167,
    "longitude": 28.2833,
    "city": "Lusaka",
    "country": "Zambia",
    "postalCode": "10101"
  },
  {
    "id": "geo-005",
    "address": "Plot 2785, Great East Road, Northmead",
    "latitude": -15.4167,
    "longitude": 28.2833,
    "city": "Lusaka",
    "country": "Zambia",
    "postalCode": "10101"
  },
  {
    "id": "geo-006",
    "address": "Plot 3252, Kabulonga Road, Ndola",
    "latitude": -15.4167,
    "longitude": 28.2833,
    "city": "Lusaka",
    "country": "Zambia",
    "postalCode": "10101"
  },
  {
    "id": "geo-007",
    "address": "Plot 5407, Libala Road, Mufulira",
    "latitude": -15.4167,
    "longitude": 28.2833,
    "city": "Lusaka",
    "country": "Zambia",
    "postalCode": "10101"
  },
  {
    "id": "geo-008",
    "address": "Plot 9831, Kabwe Road, Ndola",
    "latitude": -15.4167,
    "longitude": 28.2833,
    "city": "Lusaka",
    "country": "Zambia",
    "postalCode": "10101"
  },
  {
    "id": "geo-009",
    "address": "Plot 2829, Kaunda Square, Chingola",
    "latitude": -15.4167,
    "longitude": 28.2833,
    "city": "Lusaka",
    "country": "Zambia",
    "postalCode": "10101"
  },
  {
    "id": "geo-010",
    "address": "Plot 9396, Great East Road, Chipata",
    "latitude": -15.4167,
    "longitude": 28.2833,
    "city": "Lusaka",
    "country": "Zambia",
    "postalCode": "10101"
  },
  {
    "id": "geo-011",
    "address": "Plot 9015, Nationalist Road, Woodlands",
    "latitude": -15.4167,
    "longitude": 28.2833,
    "city": "Lusaka",
    "country": "Zambia",
    "postalCode": "10101"
  },
  {
    "id": "geo-012",
    "address": "Plot 8076, Los Angeles Boulevard, Kabwe",
    "latitude": -15.4167,
    "longitude": 28.2833,
    "city": "Lusaka",
    "country": "Zambia",
    "postalCode": "10101"
  },
  {
    "id": "geo-013",
    "address": "Plot 6427, Libala Road, Luanshya",
    "latitude": -15.4167,
    "longitude": 28.2833,
    "city": "Lusaka",
    "country": "Zambia",
    "postalCode": "10101"
  },
  {
    "id": "geo-014",
    "address": "Plot 1046, Kaunda Square, Kabwe",
    "latitude": -15.4167,
    "longitude": 28.2833,
    "city": "Lusaka",
    "country": "Zambia",
    "postalCode": "10101"
  },
  {
    "id": "geo-015",
    "address": "Plot 7413, Addis Ababa Drive, Kitwe",
    "latitude": -15.4167,
    "longitude": 28.2833,
    "city": "Lusaka",
    "country": "Zambia",
    "postalCode": "10101"
  },
  {
    "id": "geo-016",
    "address": "Plot 8674, Kafue Road, Solwezi",
    "latitude": -15.4167,
    "longitude": 28.2833,
    "city": "Lusaka",
    "country": "Zambia",
    "postalCode": "10101"
  },
  {
    "id": "geo-017",
    "address": "Plot 800, Kabulonga Road, Kabulonga",
    "latitude": -15.4167,
    "longitude": 28.2833,
    "city": "Lusaka",
    "country": "Zambia",
    "postalCode": "10101"
  },
  {
    "id": "geo-018",
    "address": "Plot 6195, Addis Ababa Drive, Northmead",
    "latitude": -15.4167,
    "longitude": 28.2833,
    "city": "Lusaka",
    "country": "Zambia",
    "postalCode": "10101"
  },
  {
    "id": "geo-019",
    "address": "Plot 6492, Chachacha Road, Chipata",
    "latitude": -15.4167,
    "longitude": 28.2833,
    "city": "Lusaka",
    "country": "Zambia",
    "postalCode": "10101"
  },
  {
    "id": "geo-020",
    "address": "Plot 3466, Thabo Mbeki Road, Chipata",
    "latitude": -15.4167,
    "longitude": 28.2833,
    "city": "Lusaka",
    "country": "Zambia",
    "postalCode": "10101"
  },
  {
    "id": "geo-021",
    "address": "Plot 6848, Kafue Road, Woodlands",
    "latitude": -15.4167,
    "longitude": 28.2833,
    "city": "Lusaka",
    "country": "Zambia",
    "postalCode": "10101"
  },
  {
    "id": "geo-022",
    "address": "Plot 9342, Twin Palm Road, Chaisa",
    "latitude": -15.4167,
    "longitude": 28.2833,
    "city": "Lusaka",
    "country": "Zambia",
    "postalCode": "10101"
  },
  {
    "id": "geo-023",
    "address": "Plot 8826, Kabulonga Road, Kasama",
    "latitude": -15.4167,
    "longitude": 28.2833,
    "city": "Lusaka",
    "country": "Zambia",
    "postalCode": "10101"
  },
  {
    "id": "geo-024",
    "address": "Plot 5454, Nationalist Road, Mufulira",
    "latitude": -15.4167,
    "longitude": 28.2833,
    "city": "Lusaka",
    "country": "Zambia",
    "postalCode": "10101"
  },
  {
    "id": "geo-025",
    "address": "Plot 5839, Cairo Road, Lusaka",
    "latitude": -15.4167,
    "longitude": 28.2833,
    "city": "Lusaka",
    "country": "Zambia",
    "postalCode": "10101"
  },
  {
    "id": "geo-026",
    "address": "Plot 4794, Independence Avenue, Chingola",
    "latitude": -15.4167,
    "longitude": 28.2833,
    "city": "Lusaka",
    "country": "Zambia",
    "postalCode": "10101"
  },
  {
    "id": "geo-027",
    "address": "Plot 4094, Libala Road, Chaisa",
    "latitude": -15.4167,
    "longitude": 28.2833,
    "city": "Lusaka",
    "country": "Zambia",
    "postalCode": "10101"
  },
  {
    "id": "geo-028",
    "address": "Plot 6939, Libala Road, Mansa",
    "latitude": -15.4167,
    "longitude": 28.2833,
    "city": "Lusaka",
    "country": "Zambia",
    "postalCode": "10101"
  },
  {
    "id": "geo-029",
    "address": "Plot 3096, Twin Palm Road, Kabwe",
    "latitude": -15.4167,
    "longitude": 28.2833,
    "city": "Lusaka",
    "country": "Zambia",
    "postalCode": "10101"
  },
  {
    "id": "geo-030",
    "address": "Plot 4044, Los Angeles Boulevard, Chipata",
    "latitude": -15.4167,
    "longitude": 28.2833,
    "city": "Lusaka",
    "country": "Zambia",
    "postalCode": "10101"
  }
]