[
  {
    "id": "geo-001",
    "address": "Plot 3917, Libala Road, Chaisa",
    "latitude": -15.4167,
    "longitude": 28.2833,
    "city": "Lusaka",
    "country": "Zambia",
    "postalCode": "10101"
  },
  {
    "id": "geo-002",
    "address": "Plot 8500, Chachacha Road, Lusaka",
    "latitude": -15.4167,
    "longitude": 28.2833,
    "city": "Lusaka",
    "country": "Zambia",
    "postalCode": "10101"
  },
  {
    "id": "geo-003",
    "address": "Plot 659, Twin Palm Road, Kasama",
    "latitude": -15.4167,
    "longitude": 28.2833,
    "city": "Lusaka",
    "country": "Zambia",
    "postalCode": "10101"
  },
  {
    "id": "geo-004",
    "address": "Plot 2057, Great East Road, Kabwe",
    "latitude": -15.4167,
    "longitude": 28.2833,
    "city": "Lusaka",
    "country": "Zambia",
    "postalCode": "10101"
  },
  {
    "id": "geo-005",
    "address": "Plot 1907, Independence Avenue, Woodlands",
    "latitude": -15.4167,
    "longitude": 28.2833,
    "city": "Lusaka",
    "country": "Zambia",
    "postalCode": "10101"
  },
  {
    "id": "geo-006",
    "address": "Plot 9780, Addis Ababa Drive, Chingola",
    "latitude": -15.4167,
    "longitude": 28.2833,
    "city": "Lusaka",
    "country": "Zambia",
    "postalCode": "10101"
  },
  {
    "id": "geo-007",
    "address": "Plot 2431, Twin Palm Road, Livingstone",
    "latitude": -15.4167,
    "longitude": 28.2833,
    "city": "Lusaka",
    "country": "Zambia",
    "postalCode": "10101"
  },
  {
    "id": "geo-008",
    "address": "Plot 6304, Great East Road, Kasama",
    "latitude": -15.4167,
    "longitude": 28.2833,
    "city": "Lusaka",
    "country": "Zambia",
    "postalCode": "10101"
  },
  {
    "id": "geo-009",
    "address": "Plot 361, Freedom Way, Mansa",
    "latitude": -15.4167,
    "longitude": 28.2833,
    "city": "Lusaka",
    "country": "Zambia",
    "postalCode": "10101"
  },
  {
    "id": "geo-010",
    "address": "Plot 7525, Independence Avenue, Solwezi",
    "latitude": -15.4167,
    "longitude": 28.2833,
    "city": "Lusaka",
    "country": "Zambia",
    "postalCode": "10101"
  },
  {
    "id": "geo-011",
    "address": "Plot 6696, Kafue Road, Chaisa",
    "latitude": -15.4167,
    "longitude": 28.2833,
    "city": "Lusaka",
    "country": "Zambia",
    "postalCode": "10101"
  },
  {
    "id": "geo-012",
    "address": "Plot 2372, Lumumba Road, Mufulira",
    "latitude": -15.4167,
    "longitude": 28.2833,
    "city": "Lusaka",
    "country": "Zambia",
    "postalCode": "10101"
  },
  {
    "id": "geo-013",
    "address": "Plot 871, Great East Road, Makeni",
    "latitude": -15.4167,
    "longitude": 28.2833,
    "city": "Lusaka",
    "country": "Zambia",
    "postalCode": "10101"
  },
  {
    "id": "geo-014",
    "address": "Plot 693, Kaunda Square, Mansa",
    "latitude": -15.4167,
    "longitude": 28.2833,
    "city": "Lusaka",
    "country": "Zambia",
    "postalCode": "10101"
  },
  {
    "id": "geo-015",
    "address": "Plot 2118, Kaunda Square, Mufulira",
    "latitude": -15.4167,
    "longitude": 28.2833,
    "city": "Lusaka",
    "country": "Zambia",
    "postalCode": "10101"
  },
  {
    "id": "geo-016",
    "address": "Plot 9175, Cairo Road, Mongu",
    "latitude": -15.4167,
    "longitude": 28.2833,
    "city": "Lusaka",
    "country": "Zambia",
    "postalCode": "10101"
  },
  {
    "id": "geo-017",
    "address": "Plot 182, Independence Avenue, Kasama",
    "latitude": -15.4167,
    "longitude": 28.2833,
    "city": "Lusaka",
    "country": "Zambia",
    "postalCode": "10101"
  },
  {
    "id": "geo-018",
    "address": "Plot 3466, Makishi Road, Kabwe",
    "latitude": -15.4167,
    "longitude": 28.2833,
    "city": "Lusaka",
    "country": "Zambia",
    "postalCode": "10101"
  },
  {
    "id": "geo-019",
    "address": "Plot 538, Freedom Way, Northmead",
    "latitude": -15.4167,
    "longitude": 28.2833,
    "city": "Lusaka",
    "country": "Zambia",
    "postalCode": "10101"
  },
  {
    "id": "geo-020",
    "address": "Plot 8260, Church Road, Kabulonga",
    "latitude": -15.4167,
    "longitude": 28.2833,
    "city": "Lusaka",
    "country": "Zambia",
    "postalCode": "10101"
  },
  {
    "id": "geo-021",
    "address": "Plot 2306, Addis Ababa Drive, Chelston",
    "latitude": -15.4167,
    "longitude": 28.2833,
    "city": "Lusaka",
    "country": "Zambia",
    "postalCode": "10101"
  },
  {
    "id": "geo-022",
    "address": "Plot 6927, Thabo Mbeki Road, Chelston",
    "latitude": -15.4167,
    "longitude": 28.2833,
    "city": "Lusaka",
    "country": "Zambia",
    "postalCode": "10101"
  },
  {
    "id": "geo-023",
    "address": "Plot 505, Kaunda Square, Kabulonga",
    "latitude": -15.4167,
    "longitude": 28.2833,
    "city": "Lusaka",
    "country": "Zambia",
    "postalCode": "10101"
  },
  {
    "id": "geo-024",
    "address": "Plot 5872, Lumumba Road, Ndola",
    "latitude": -15.4167,
    "longitude": 28.2833,
    "city": "Lusaka",
    "country": "Zambia",
    "postalCode": "10101"
  },
  {
    "id": "geo-025",
    "address": "Plot 5935, Kabwe Road, Woodlands",
    "latitude": -15.4167,
    "longitude": 28.2833,
    "city": "Lusaka",
    "country": "Zambia",
    "postalCode": "10101"
  },
  {
    "id": "geo-026",
    "address": "Plot 3684, Church Road, Lusaka",
    "latitude": -15.4167,
    "longitude": 28.2833,
    "city": "Lusaka",
    "country": "Zambia",
    "postalCode": "10101"
  },
  {
    "id": "geo-027",
    "address": "Plot 8077, Chindo Road, Chipata",
    "latitude": -15.4167,
    "longitude": 28.2833,
    "city": "Lusaka",
    "country": "Zambia",
    "postalCode": "10101"
  },
  {
    "id": "geo-028",
    "address": "Plot 6317, Independence Avenue, Kasama",
    "latitude": -15.4167,
    "longitude": 28.2833,
    "city": "Lusaka",
    "country": "Zambia",
    "postalCode": "10101"
  },
  {
    "id": "geo-029",
    "address": "Plot 8741, Chindo Road, Livingstone",
    "latitude": -15.4167,
    "longitude": 28.2833,
    "city": "Lusaka",
    "country": "Zambia",
    "postalCode": "10101"
  },
  {
    "id": "geo-030",
    "address": "Plot 8725, Freedom Way, Luanshya",
    "latitude": -15.4167,
    "longitude": 28.2833,
    "city": "Lusaka",
    "country": "Zambia",
    "postalCode": "10101"
  }
]