[
  {
    "id": "geo-001",
    "address": "Plot 2699, Thabo Mbeki Road, Mongu",
    "latitude": -15.4167,
    "longitude": 28.2833,
    "city": "Lusaka",
    "country": "Zambia",
    "postalCode": "10101"
  },
  {
    "id": "geo-002",
    "address": "Plot 8034, Chachacha Road, Kitwe",
    "latitude": -15.4167,
    "longitude": 28.2833,
    "city": "Lusaka",
    "country": "Zambia",
    "postalCode": "10101"
  },
  {
    "id": "geo-003",
    "address": "Plot 568, Church Road, Kabwe",
    "latitude": -15.4167,
    "longitude": 28.2833,
    "city": "Lusaka",
    "country": "Zambia",
    "postalCode": "10101"
  },
  {
    "id": "geo-004",
    "address": "Plot 8603, Great East Road, Kasama",
    "latitude": -15.4167,
    "longitude": 28.2833,
    "city": "Lusaka",
    "country": "Zambia",
    "postalCode": "10101"
  },
  {
    "id": "geo-005",
    "address": "Plot 4503, Nationalist Road, Chingola",
    "latitude": -15.4167,
    "longitude": 28.2833,
    "city": "Lusaka",
    "country": "Zambia",
    "postalCode": "10101"
  },
  {
    "id": "geo-006",
    "address": "Plot 8378, Kafue Road, Ndola",
    "latitude": -15.4167,
    "longitude": 28.2833,
    "city": "Lusaka",
    "country": "Zambia",
    "postalCode": "10101"
  },
  {
    "id": "geo-007",
    "address": "Plot 9318, Great East Road, Lusaka",
    "latitude": -15.4167,
    "longitude": 28.2833,
    "city": "Lusaka",
    "country": "Zambia",
    "postalCode": "10101"
  },
  {
    "id": "geo-008",
    "address": "Plot 7581, Nationalist Road, Mansa",
    "latitude": -15.4167,
    "longitude": 28.2833,
    "city": "Lusaka",
    "country": "Zambia",
    "postalCode": "10101"
  },
  {
    "id": "geo-009",
    "address": "Plot 1481, Cairo Road, Mansa",
    "latitude": -15.4167,
    "longitude": 28.2833,
    "city": "Lusaka",
    "country": "Zambia",
    "postalCode": "10101"
  },
  {
    "id": "geo-010",
    "address": "Plot 2989, Kafue Road, Northmead",
    "latitude": -15.4167,
    "longitude": 28.2833,
    "city": "Lusaka",
    "country": "Zambia",
    "postalCode": "10101"
  },
  {
    "id": "geo-011",
    "address": "Plot 4254, Kabulonga Road, Chelston",
    "latitude": -15.4167,
    "longitude": 28.2833,
    "city": "Lusaka",
    "country": "Zambia",
    "postalCode": "10101"
  },
  {
    "id": "geo-012",
    "address": "Plot 3516, Chilimbulu Road, Woodlands",
    "latitude": -15.4167,
    "longitude": 28.2833,
    "city": "Lusaka",
    "country": "Zambia",
    "postalCode": "10101"
  },
  {
    "id": "geo-013",
    "address": "Plot 9428, Nationalist Road, Solwezi",
    "latitude": -15.4167,
    "longitude": 28.2833,
    "city": "Lusaka",
    "country": "Zambia",
    "postalCode": "10101"
  },
  {
    "id": "geo-014",
    "address": "Plot 2588, Twin Palm Road, Chelston",
    "latitude": -15.4167,
    "longitude": 28.2833,
    "city": "Lusaka",
    "country": "Zambia",
    "postalCode": "10101"
  },
  {
    "id": "geo-015",
    "address": "Plot 4800, Libala Road, Northmead",
    "latitude": -15.4167,
    "longitude": 28.2833,
    "city": "Lusaka",
    "country": "Zambia",
    "postalCode": "10101"
  },
  {
    "id": "geo-016",
    "address": "Plot 302, Nationalist Road, Solwezi",
    "latitude": -15.4167,
    "longitude": 28.2833,
    "city": "Lusaka",
    "country": "Zambia",
    "postalCode": "10101"
  },
  {
    "id": "geo-017",
    "address": "Plot 9942, Church Road, Luanshya",
    "latitude": -15.4167,
    "longitude": 28.2833,
    "city": "Lusaka",
    "country": "Zambia",
    "postalCode": "10101"
  },
  {
    "id": "geo-018",
    "address": "Plot 675, Kabulonga Road, Luanshya",
    "latitude": -15.4167,
    "longitude": 28.2833,
    "city": "Lusaka",
    "country": "Zambia",
    "postalCode": "10101"
  },
  {
    "id": "geo-019",
    "address": "Plot 5242, Kaunda Square, Ndola",
    "latitude": -15.4167,
    "longitude": 28.2833,
    "city": "Lusaka",
    "country": "Zambia",
    "postalCode": "10101"
  },
  {
    "id": "geo-020",
    "address": "Plot 542, Twin Palm Road, Kabwe",
    "latitude": -15.4167,
    "longitude": 28.2833,
    "city": "Lusaka",
    "country": "Zambia",
    "postalCode": "10101"
  },
  {
    "id": "geo-021",
    "address": "Plot 2615, Lumumba Road, Roma",
    "latitude": -15.4167,
    "longitude": 28.2833,
    "city": "Lusaka",
    "country": "Zambia",
    "postalCode": "10101"
  },
  {
    "id": "geo-022",
    "address": "Plot 9948, Kafue Road, Mufulira",
    "latitude": -15.4167,
    "longitude": 28.2833,
    "city": "Lusaka",
    "country": "Zambia",
    "postalCode": "10101"
  },
  {
    "id": "geo-023",
    "address": "Plot 1724, Thabo Mbeki Road, Woodlands",
    "latitude": -15.4167,
    "longitude": 28.2833,
    "city": "Lusaka",
    "country": "Zambia",
    "postalCode": "10101"
  },
  {
    "id": "geo-024",
    "address": "Plot 9085, Cairo Road, Solwezi",
    "latitude": -15.4167,
    "longitude": 28.2833,
    "city": "Lusaka",
    "country": "Zambia",
    "postalCode": "10101"
  },
  {
    "id": "geo-025",
    "address": "Plot 5999, Nationalist Road, Chipata",
    "latitude": -15.4167,
    "longitude": 28.2833,
    "city": "Lusaka",
    "country": "Zambia",
    "postalCode": "10101"
  },
  {
    "id": "geo-026",
    "address": "Plot 8844, Kafue Road, Kasama",
    "latitude": -15.4167,
    "longitude": 28.2833,
    "city": "Lusaka",
    "country": "Zambia",
    "postalCode": "10101"
  },
  {
    "id": "geo-027",
    "address": "Plot 3325, Addis Ababa Drive, Woodlands",
    "latitude": -15.4167,
    "longitude": 28.2833,
    "city": "Lusaka",
    "country": "Zambia",
    "postalCode": "10101"
  },
  {
    "id": "geo-028",
    "address": "Plot 2027, Cairo Road, Livingstone",
    "latitude": -15.4167,
    "longitude": 28.2833,
    "city": "Lusaka",
    "country": "Zambia",
    "postalCode": "10101"
  },
  {
    "id": "geo-029",
    "address": "Plot 1262, Church Road, Lusaka",
    "latitude": -15.4167,
    "longitude": 28.2833,
    "city": "Lusaka",
    "country": "Zambia",
    "postalCode": "10101"
  },
  {
    "id": "geo-030",
    "address": "Plot 5650, Chachacha Road, Kasama",
    "latitude": -15.4167,
    "longitude": 28.2833,
    "city": "Lusaka",
    "country": "Zambia",
    "postalCode": "10101"
  }
]