[
  {
    "id": "geo-001",
    "address": "Plot 1301, Nationalist Road, Chaisa",
    "latitude": -15.4167,
    "longitude": 28.2833,
    "city": "Lusaka",
    "country": "Zambia",
    "postalCode": "10101"
  },
  {
    "id": "geo-002",
    "address": "Plot 3149, Twin Palm Road, Chelston",
    "latitude": -15.4167,
    "longitude": 28.2833,
    "city": "Lusaka",
    "country": "Zambia",
    "postalCode": "10101"
  },
  {
    "id": "geo-003",
    "address": "Plot 9020, Addis Ababa Drive, Kabulonga",
    "latitude": -15.4167,
    "longitude": 28.2833,
    "city": "Lusaka",
    "country": "Zambia",
    "postalCode": "10101"
  },
  {
    "id": "geo-004",
    "address": "Plot 7448, Cairo Road, Lusaka",
    "latitude": -15.4167,
    "longitude": 28.2833,
    "city": "Lusaka",
    "country": "Zambia",
    "postalCode": "10101"
  },
  {
    "id": "geo-005",
    "address": "Plot 7341, Chilimbulu Road, Woodlands",
    "latitude": -15.4167,
    "longitude": 28.2833,
    "city": "Lusaka",
    "country": "Zambia",
    "postalCode": "10101"
  },
  {
    "id": "geo-006",
    "address": "Plot 140, Libala Road, Chelston",
    "latitude": -15.4167,
    "longitude": 28.2833,
    "city": "Lusaka",
    "country": "Zambia",
    "postalCode": "10101"
  },
  {
    "id": "geo-007",
    "address": "Plot 4431, Addis Ababa Drive, Roma",
    "latitude": -15.4167,
    "longitude": 28.2833,
    "city": "Lusaka",
    "country": "Zambia",
    "postalCode": "10101"
  },
  {
    "id": "geo-008",
    "address": "Plot 5956, Chachacha Road, Chelston",
    "latitude": -15.4167,
    "longitude": 28.2833,
    "city": "Lusaka",
    "country": "Zambia",
    "postalCode": "10101"
  },
  {
    "id": "geo-009",
    "address": "Plot 3394, Twin Palm Road, Chingola",
    "latitude": -15.4167,
    "longitude": 28.2833,
    "city": "Lusaka",
    "country": "Zambia",
    "postalCode": "10101"
  },
  {
    "id": "geo-010",
    "address": "Plot 9298, Kaunda Square, Kitwe",
    "latitude": -15.4167,
    "longitude": 28.2833,
    "city": "Lusaka",
    "country": "Zambia",
    "postalCode": "10101"
  },
  {
    "id": "geo-011",
    "address": "Plot 1238, Kabulonga Road, Mongu",
    "latitude": -15.4167,
    "longitude": 28.2833,
    "city": "Lusaka",
    "country": "Zambia",
    "postalCode": "10101"
  },
  {
    "id": "geo-012",
    "address": "Plot 1178, Nationalist Road, Roma",
    "latitude": -15.4167,
    "longitude": 28.2833,
    "city": "Lusaka",
    "country": "Zambia",
    "postalCode": "10101"
  },
  {
    "id": "geo-013",
    "address": "Plot 9260, Freedom Way, Mansa",
    "latitude": -15.4167,
    "longitude": 28.2833,
    "city": "Lusaka",
    "country": "Zambia",
    "postalCode": "10101"
  },
  {
    "id": "geo-014",
    "address": "Plot 5409, Chilimbulu Road, Kitwe",
    "latitude": -15.4167,
    "longitude": 28.2833,
    "city": "Lusaka",
    "country": "Zambia",
    "postalCode": "10101"
  },
  {
    "id": "geo-015",
    "address": "Plot 3039, Chindo Road, Mufulira",
    "latitude": -15.4167,
    "longitude": 28.2833,
    "city": "Lusaka",
    "country": "Zambia",
    "postalCode": "10101"
  },
  {
    "id": "geo-016",
    "address": "Plot 2907, Church Road, Ndola",
    "latitude": -15.4167,
    "longitude": 28.2833,
    "city": "Lusaka",
    "country": "Zambia",
    "postalCode": "10101"
  },
  {
    "id": "geo-017",
    "address": "Plot 5958, Nationalist Road, Mongu",
    "latitude": -15.4167,
    "longitude": 28.2833,
    "city": "Lusaka",
    "country": "Zambia",
    "postalCode": "10101"
  },
  {
    "id": "geo-018",
    "address": "Plot 9306, Nationalist Road, Mansa",
    "latitude": -15.4167,
    "longitude": 28.2833,
    "city": "Lusaka",
    "country": "Zambia",
    "postalCode": "10101"
  },
  {
    "id": "geo-019",
    "address": "Plot 6927, Lumumba Road, Chelston",
    "latitude": -15.4167,
    "longitude": 28.2833,
    "city": "Lusaka",
    "country": "Zambia",
    "postalCode": "10101"
  },
  {
    "id": "geo-020",
    "address": "Plot 5682, Great East Road, Kabwe",
    "latitude": -15.4167,
    "longitude": 28.2833,
    "city": "Lusaka",
    "country": "Zambia",
    "postalCode": "10101"
  },
  {
    "id": "geo-021",
    "address": "Plot 8556, Kabwe Road, Chipata",
    "latitude": -15.4167,
    "longitude": 28.2833,
    "city": "Lusaka",
    "country": "Zambia",
    "postalCode": "10101"
  },
  {
    "id": "geo-022",
    "address": "Plot 9626, Cairo Road, Kasama",
    "latitude": -15.4167,
    "longitude": 28.2833,
    "city": "Lusaka",
    "country": "Zambia",
    "postalCode": "10101"
  },
  {
    "id": "geo-023",
    "address": "Plot 8337, Thabo Mbeki Road, Roma",
    "latitude": -15.4167,
    "longitude": 28.2833,
    "city": "Lusaka",
    "country": "Zambia",
    "postalCode": "10101"
  },
  {
    "id": "geo-024",
    "address": "Plot 6048, Lumumba Road, Kabwe",
    "latitude": -15.4167,
    "longitude": 28.2833,
    "city": "Lusaka",
    "country": "Zambia",
    "postalCode": "10101"
  },
  {
    "id": "geo-025",
    "address": "Plot 5036, Kaunda Square, Kasama",
    "latitude": -15.4167,
    "longitude": 28.2833,
    "city": "Lusaka",
    "country": "Zambia",
    "postalCode": "10101"
  },
  {
    "id": "geo-026",
    "address": "Plot 264, Kafue Road, Makeni",
    "latitude": -15.4167,
    "longitude": 28.2833,
    "city": "Lusaka",
    "country": "Zambia",
    "postalCode": "10101"
  },
  {
    "id": "geo-027",
    "address": "Plot 5366, Kabulonga Road, Solwezi",
    "latitude": -15.4167,
    "longitude": 28.2833,
    "city": "Lusaka",
    "country": "Zambia",
    "postalCode": "10101"
  },
  {
    "id": "geo-028",
    "address": "Plot 7232, Libala Road, Chelston",
    "latitude": -15.4167,
    "longitude": 28.2833,
    "city": "Lusaka",
    "country": "Zambia",
    "postalCode": "10101"
  },
  {
    "id": "geo-029",
    "address": "Plot 4801, Los Angeles Boulevard, Livingstone",
    "latitude": -15.4167,
    "longitude": 28.2833,
    "city": "Lusaka",
    "country": "Zambia",
    "postalCode": "10101"
  },
  {
    "id": "geo-030",
    "address": "Plot 867, Independence Avenue, Roma",
    "latitude": -15.4167,
    "longitude": 28.2833,
    "city": "Lusaka",
    "country": "Zambia",
    "postalCode": "10101"
  }
]